--
-- 資料庫： `Topic`
--

-- --------------------------------------------------------
--
-- 資料表結構 `Customer`
--

CREATE TABLE `Customer` (
 `customer_id` char(20) NOT NULL,
 `customer_name` varchar(20) NOT NULL,
 `customer_password` char(250) NOT NULL,
 `customer_email` char(50) NOT NULL,
 `customer_phone` char(10) NOT NULL,
 `customer_age` int(2) NOT NULL,
 PRIMARY KEY (`customer_id`)
  ) ENGINE=InnoDB DEFAULT CHARSET=utf8mb4;
  
--
-- 資料表的匯出資料 `Customer`
--

INSERT INTO `Customer` (`customer_id`,`customer_name`,`customer_password`,`customer_email`,`customer_phone`,`customer_age`) VALUES
('abc','王小明','abc','abc@gmail.com','0912345678','22'),
('super','超級','super','super@gmail.com','0925006778','40'),
('market','市場','market','market@gmail.com','0978317698','23');


-- --------------------------------------------------------
--
-- 資料表結構 `CustomerOrderStatus`
--

CREATE TABLE `CustomerOrderStatus` (
`customer_order_status_id` int(11) NOT NULL AUTO_INCREMENT,
`customer_order_status_name` varchar(20) NOT NULL, 
PRIMARY KEY (`customer_order_status_id`)
) ENGINE=InnoDB DEFAULT CHARSET=utf8mb4;

--
-- 資料表的匯出資料 `CustomerOrderStatus`
--

INSERT INTO `CustomerOrderStatus` (`customer_order_status_name`) VALUES
('未完成'),
('已完成');

-- --------------------------------------------------------
--
-- 資料表結構 `CustomerFoodStatus`
--

CREATE TABLE `CustomerFoodStatus` (
`customer_food_status_id` int(11) NOT NULL AUTO_INCREMENT,
`customer_food_status_name` varchar(20) NOT NULL, 
PRIMARY KEY (`customer_food_status_id`)
) ENGINE=InnoDB DEFAULT CHARSET=utf8mb4;

--
-- 資料表的匯出資料 `CustomerFoodStatus`
--

INSERT INTO `CustomerFoodStatus` (`customer_food_status_name`) VALUES
('未結帳'),
('已結帳');

-- --------------------------------------------------------
--
-- 資料表結構 `CustomerMenuStatus`
--

CREATE TABLE `CustomerMenuStatus` (
`customer_menu_status_id` int(11) NOT NULL AUTO_INCREMENT,
`customer_menu_status_name` varchar(20) NOT NULL, 
PRIMARY KEY (`customer_menu_status_id`)
) ENGINE=InnoDB DEFAULT CHARSET=utf8mb4;

--
-- 資料表的匯出資料 `CustomerMenuStatus`
--

INSERT INTO `CustomerMenuStatus` (`customer_menu_status_name`) VALUES
('未結帳'),
('已結帳');

-- --------------------------------------------------------
--
-- 資料表結構 `AllergyCategory`
--

CREATE TABLE `AllergyCategory` (
`allergy_category_id` int(11) NOT NULL AUTO_INCREMENT,
`allergy_category_name` varchar(20) NOT NULL,
PRIMARY KEY (`allergy_category_id`)
) ENGINE=InnoDB DEFAULT CHARSET=utf8mb4;

--
-- 資料表的匯出資料 `AllergyCategory`
--

INSERT INTO `AllergyCategory` (`allergy_category_name`) VALUES
('奶蛋類'),
('穀/核果'),
('肉類'),
('海鮮類'),
('蔬菜類'),
('水果類'),
('酵母/飲料'),
('調味料類'),
('中藥類');

-- --------------------------------------------------------
--
-- 資料表結構 `Allergy`
--

CREATE TABLE `Allergy` (
`allergy_id` int(11) NOT NULL AUTO_INCREMENT,
`allergy_category_id` int(11) NOT NULL,
`allergy_name` varchar(20) NOT NULL,
PRIMARY KEY (`allergy_id`),
FOREIGN KEY (allergy_category_id) REFERENCES AllergyCategory (allergy_category_id)
) ENGINE=InnoDB DEFAULT CHARSET=utf8mb4;

--
-- 資料表的匯出資料 `Allergy`
--

INSERT INTO `Allergy` (`allergy_category_id`,`allergy_name`) VALUES
('1','牛奶'),
('1','起司'),
('1','優格'),
('1','蛋黃'),
('1','蛋白'),
('2','米飯'),
('2','小麥'),
('2','蕎麥'),
('2','玉米'),
('2','黃豆'),
('2','紅豆'),
('2','花豆'),
('2','花生'),
('2','腰果'),
('2','胡/核桃'),
('2','橄欖'),
('2','芝麻'),
('2','葵花籽'),
('2','杏仁'),
('3','豬肉'),
('3','牛肉'),
('3','羊肉'),
('3','雞肉'),
('3','鴨肉'),
('3','鵝肉'),
('4','蝦子'),
('4','螃蟹'),
('4','蚌/蛤蜊'),
('4','花枝'),
('4','鱈魚'),
('4','鮭魚'),
('4','鰻魚'),
('4','海帶'),
('5','菠菜'),
('5','高麗菜'),
('5','萵苣'),
('5','芹菜'),
('5','青花菜'),
('5','四季豆'),
('5','豌豆莢'),
('5','青椒'),
('5','茄子'),
('5','南瓜'),
('5','小黃瓜'),
('5','蘆筍'),
('5','竹筍'),
('5','蘿蔔'),
('5','地瓜'),
('5','馬鈴薯'),
('5','芋頭'),
('5','番茄'),
('5','香菇'),
('5','洋蔥'),
('6','芒果'),
('6','奇異果'),
('6','蘋果'),
('6','香蕉'),
('6','鳳梨'),
('6','櫻桃'),
('6','葡萄'),
('6','葡萄柚'),
('6','柑橘'),
('6','芭樂'),
('6','草莓'),
('6','檸檬'),
('6','水蜜桃'),
('6','椰子'),
('6','香瓜'),
('6','木瓜'),
('6','西瓜'),
('6','梨'),
('7','酵母'),
('7','茶'),
('7','咖啡'),
('7','可可豆'),
('7','蜂蜜'),
('8','蔥'),
('8','薑'),
('8','大蒜'),
('8','咖哩'),
('8','辣椒'),
('8','白胡椒'),
('8','九層塔'),
('8','香菜'),
('9','枸杞'),
('9','黃耆'),
('9','紅棗'),
('9','甘草'),
('9','當歸'),
('9','人參'),
('9','川芎'),
('9','熟地黃'),
('9','龍眼乾'),
('9','白木耳'),
('9','蓮子'),
('9','靈芝'),
('9','冬蟲夏草'),
('1','奶油');

-- --------------------------------------------------------
--
-- 資料表結構 `CustomerAllergy`
--

CREATE TABLE `CustomerAllergy` (
`customer_allergy_id` int(11) NOT NULL AUTO_INCREMENT,
`customer_id` char(20) NOT NULL,
`allergy_id` int(11) NOT NULL,
PRIMARY KEY (`customer_allergy_id`),
FOREIGN KEY (customer_id) REFERENCES Customer (customer_id),
FOREIGN KEY (allergy_id) REFERENCES Allergy (allergy_id)
) ENGINE=InnoDB DEFAULT CHARSET=utf8mb4;

--
-- 資料表的匯出資料 `CustomerAllergy`
--

INSERT INTO `CustomerAllergy` (`customer_id`,`allergy_id`) VALUES
('abc','3'),
('abc','10'),
('abc','25');

-- --------------------------------------------------------
--
-- 資料表結構 `Menu`
--

CREATE TABLE `Menu` (
`menu_id` int(11) NOT NULL AUTO_INCREMENT,
`menu_name` varchar(20) NOT NULL, 
`menu_process` varchar(250) NOT NULL , 
`menu_price` int(3) NOT NULL, 
`menu_sale` boolean DEFAULT False, 
`menu_picture` char(250) NOT NULL, 
`menu_memo` char(250) NULL, 
`menu_recommend` boolean DEFAULT False,
PRIMARY KEY (`menu_id`)
) ENGINE=InnoDB DEFAULT CHARSET=utf8mb4;

--
-- 資料表的匯出資料 `Menu`
--

INSERT INTO `Menu` (`menu_name`,`menu_process`,`menu_price`,`menu_picture`,`menu_memo`) VALUES
('羅宋軟排湯','1.先把所有食材切丁、切片備用。 2.蒜頭爆香、放入洋蔥、洋菇炒至軟後、再放入紅蘿蔔、蕃茄及其他食材。  3.加入1000cc的水，煲1小時，即可食用。','40','',''),
('洋蔥奶油培根蘑菇燒','1.先將小塊奶油與洋蔥末與培根末炒香 2.再放入略川燙好的磨菇兩面香煎，吸收培根香氣起鍋備用 3.接著放入牛奶與玉米粉調和的粉水入鍋滾煮成芡汁拌勻並適量調味 4.最後淋在磨菇上 5.灑上洋香菜香料或是義大利香料皆可','60','',''),
('番茄炒蛋','1.備料:雞蛋、牛奶、青蔥 2.先將雞蛋放入拌盆中，加入牛奶、玉米粉水及少許香料拌勻 3.接著放入蕃茄塊炒並加入少許水滾煮，讓其釋放出茄汁 4.待熱油後，放入拌勻雞蛋炒約6分熟起鍋備用 5.機著加入蕃茄醬、半熟蛋快速拌炒 6.放入蔥花及適量的玉米粉水拌勻調味即可','40','','1.在蛋液中加入鮮奶及玉米粉水，可以在拌炒中讓蛋液更具香氣極濃稠口感  2.愈紅熟蕃茄的茄紅素含量也愈高尤其是其抗氧化、防癌功效'),
('奶油蘑菇炒南瓜豚肉片','1.奶油與蒜末下鍋炒香，鍋邊再放入切小片的豬里肌肉片撒上少許香料鹽煎香 2.放入蘑菇與洋蔥炒出香氣 3.放入南瓜片均勻拌炒 4.再拌入蠔油調味，起鍋前放入香菜末即完成','50','',''),
('豬肉味噌湯','1.洋蔥及鮮香菇切絲、青蔥切段、紅蘿蔔及白蘿蔔切薄片 2.取湯鍋一只，倒一點橄欖油，炒香洋蔥、紅蘿蔔、白蘿蔔、鮮香菇，直到洋蔥和白蘿蔔轉成半透明 3.下豬肉片，翻炒到豬肉變色 4.加水直到蓋過食材約五公分，待水滾 5.下青蔥，加味噌，用湯匙和筷子攪散，最重要的是等到湯小滾即可熄火享用！ ','55','',''),
('白菜山藥燉雞湯','1.將蒜頭與蝦米、蔥段炒香，再放入紅蘿蔔略炒 2.放入白菜均勻拌炒 3.將所有炒料放入電鍋內鍋，放入骨腿、香菇、紅棗、日本山藥再注入適量水開始燉煮。(外鍋2米量杯水) 4.燉煮完成後加入適量鹽調味拌勻即可 5.微涼的天氣最適合為家人燉鍋熱騰騰香氣四溢的雞湯','60','','');

-- --------------------------------------------------------
--
-- 資料表結構 `FoodCategory`
--

CREATE TABLE `FoodCategory` (
`food_category_id` int(11) NOT NULL AUTO_INCREMENT,
`food_category_name` varchar(20) NOT NULL, 
PRIMARY KEY (`food_category_id`)
) ENGINE=InnoDB DEFAULT CHARSET=utf8mb4;

--
-- 資料表的匯出資料 `FoodCategory`
--

INSERT INTO `FoodCategory` (`food_category_name`) VALUES
('常溫'),
('冷藏'),
('冷凍');

-- --------------------------------------------------------
--
-- 資料表結構 `FoodCategorySub`
--

CREATE TABLE `FoodCategorySub` (
`food_category_sub_id` int(11) NOT NULL AUTO_INCREMENT,
`food_category_id` int(11) NOT NULL ,
`food_category_sub_name` varchar(20) NOT NULL, 
PRIMARY KEY (`food_category_sub_id`),
FOREIGN KEY (food_category_id) REFERENCES FoodCategory (food_category_id)
) ENGINE=InnoDB DEFAULT CHARSET=utf8mb4;

--
-- 資料表的匯出資料 `FoodCategorySub`
--

INSERT INTO `FoodCategorySub` (`food_category_id`,`food_category_sub_name`) VALUES
('2','肉品'),
('3','肉品'),
('1','蔬菜'),
('2','蔬菜'),
('3','蔬菜'),
('1','飲料'),
('2','飲料'),
('1','水果'),
('2','水果'),
('3','水果'),
('2','海鮮'),
('3','海鮮'),
('1','雞蛋'),
('2','雞蛋'),
('3','火鍋料'),
('3','包子'),
('3','煎餅'),
('3','水餃'),
('1','麵'),
('3','麵'),
('2','醬菜/豆製品'),
('1','調味料'),
('1','米'),
('1','麵粉/調味粉'),
('2','乳製品'),
('1','醬油/蠔油/油膏'),
('1','中藥'),
('1','酒');

-- 
-- --------------------------------------------------------
--
-- 資料表結構 `Food`
--

CREATE TABLE `Food` (
`food_id` int(11) NOT NULL   AUTO_INCREMENT,
`food_category_id` int(11) NOT NULL, 
`food_category_sub_id` int(11) NOT NULL, 
`food_name` varchar(250) NOT NULL, 
`food_price` int(10) NOT NULL,
`food_sale` boolean DEFAULT False,
`food_gram` char(20) NOT NULL , 
`food_picture` char(250) NOT NULL,
`food_recommend` boolean DEFAULT False,
`food_count_rate` int(11) DEFAULT 0,
PRIMARY KEY (`food_id`),
FOREIGN KEY (food_category_id) REFERENCES FoodCategory (food_category_id),
FOREIGN KEY (food_category_sub_id) REFERENCES FoodCategorySub (food_category_sub_id)
) ENGINE=InnoDB DEFAULT CHARSET=utf8mb4;

--
-- 資料表的匯出資料 `Food`
--

INSERT INTO `Food` (`food_category_id`,`food_category_sub_id`,`food_name`,`food_price`,`food_gram`) VALUES
('2','1','豬瘦絞肉(細)','72','約350g/盒'),
('2','1','豬後腿肉塊','21','100g'),
('2','1','豬小里肌肉塊','24.5','每100g'),
('2','1','豬里肌炒肉片','72','約250g/盒'),
('2','1','黃金雞腿排肉切片','69','約250g/盒'),
('2','1','雲林土雞切塊','135','約600g/盒'),
('2','1','雞胸肉(去皮)','22','每100g'),
('2','1','油雞胸肉','115','2入/460g'),
('2','1','澳洲穀飼牛腱','42','每100g'),
('2','1','澳洲冷藏牛腱/澳洲冷藏牛肋條','49','每100g'),
('2','1','冷藏澳洲穀飼牛梅花牛排','46','每100g'),
('2','4','青花菜','37','約180g/粒'),
('2','4','A級大杏鮑菇','89','約600g/袋'),
('2','4','有機鴻禧菇/雪白菇','23','約120g/包'),
('2','4','洋菇','89','200g/盒'),
('1','3','紅蘿蔔(產銷履歷)','25','約600g/袋'),
('2','4','炸芋頭(大甲)','55','250g/盒'),
('1','3','台灣黃金玉米(非基改)','29','約ˊ150g/支'),
('1','3','馬鈴薯(產銷履歷)','45','約ˊ600g/袋'),
('1','3','國產洋蔥(粒)','10','約200g/粒'),
('1','3','履歷蒜頭','98','300G/包'),
('1','3','雲林南瓜','69','800G/粒'),
('2','11','鯛魚排(大)','69','約200g/盒'),
('2','11','鯛魚腹片(中)','90','約300g/包'),
('2','11','吳郭魚(大)','60','約450~500g/尾'),
('2','11','嚴選先蚵','50','約150g/包'),
('2','11','野生加州小卷','79','約220~250g/盒'),
('2','11','金目鱸魚','82','約330~350g/尾'),
('2','11','白刺蝦','88','約250g/盒'),
('2','11','南方澳特級鹽鯖魚','59','約380g/盒'),
('2','11','台南學甲無刺虱目魚肚','85','約150g/盒'),
('3','12','文蛤(真空包)','58','約330g/包'),
('3','12','船凍透抽','32','每100g'),
('2','9','法國奇異果','89','5入/盒 約500g/盒'),
('1','8','紐西蘭陽光金圓頭奇異果','17','約105g/粒'),
('1','8','紐西蘭奇異果','13','約90g/粒'),
('1','8','屏東蕉/南投蕉','59','500g/袋'),
('1','8','愛文芒果','35','約250g/粒'),
('1','8','紐西蘭加拉蘋果','10','135g/粒'),
('1','8','日本青森蜜富士蘋果','79','約250g/粒'),
('1','8','紅肉火龍果','39','約300g/粒'),
('1','8','美國甜橙','12','約160g/粒'),
('1','8','豐水梨(秋水)','45','300g/粒'),
('2','7','貝納頌 鑑賞級極品咖啡','36','250ml/瓶'),
('2','7','波蜜 靠茶阿薩姆奶茶','24','330ml/瓶'),
('2','7','桂格 100%喝的燕麥原味/微甜/顆粒豆漿燕麥','22','280ml/瓶'),
('2','25','比菲多 好朋友乳飲品可可/抹茶/蘋果','26','300ml/瓶'),
('2','7','FUZE tea 飛想茶檸檬紅茶','19','580ml/瓶'),
('2','7','金車 麥根沙士','20','585ml/瓶'),
('2','7','Asahi 十六茶','19','520ml/瓶'),
('2','7','飛松 汽水C&C氣泡飲檸檬口味','23','500ml/瓶'),
('2','7','悅氏 薑汁茉莉綠茶/阿薩姆奶茶','28','550ml/瓶'),
('2','7','愛之味 洛神紅鐵','25','530ml/瓶'),
('2','7','樹頂 100%石榴莓綜合果汁','104','1L/瓶'),
('2','7','津津 綠蘆筍汁','19','600ml/瓶'),
('2','7','統一 H2O純水','10','600ml/瓶'),
('2','25','紐西蘭北島100%鮮奶','82','1000ml/瓶'),
('2','7','味丹 青草茶/冬瓜茶','20','560ml/瓶'),
('1','6','統一 H2O純水','17','1500ml/瓶'),
('1','6','Sunkist 太陽的果實蔓越梅綜合果汁/芭樂汁','44','1250ml/瓶'),
('1','6','貝納頌 經典咖啡拿鐵/黑咖啡/曼特寧/直火碳焙','24','210ml/罐'),
('1','6','可口可樂','34','920ml/瓶'),
('1','6','原萃 日式綠茶','32','975ml/瓶'),
('3','17','義美 蛋餅皮','12','100g /份'),
('3','17','蔥阿伯 Mini古早味蔥抓餅','20','120g /份'),
('3','17','桂冠 卡好蔥油派','9','73g/每份'),
('3','17','桂冠 卡好香Q蔥油餅','13','110g/每份'),
('3','18','台糖 手工水餃豬肉高麗','20','5顆/份'),
('3','18','冰冰好料理 霸王餃-高麗菜豬肉','15','5顆/份'),
('3','15','台南學甲 虱目魚丸','50','約250g/盒'),
('1','13',' 幸福牧場 放山雞蛋','15','每粒/份'),
('1','13',' 幸福牧場 放山雞蛋(珍珠卵)','16','每粒/份'),
('2','14','GOLDEN FRESH 履歷白蛋,冷藏 XL','11','每粒/份'),
('2','14','冠軍 白鑽元氣E世卵','9','每粒60g/份'),
('2','14','萇記 大武山森林元氣蛋(白殼)','9','每粒60g/份'),
('2','14','香草園 向陽喫好蛋','10','每粒60g/份'),
('3','15','桂冠 貢丸/香菇貢丸','21','3顆/份'),
('3','16','義美 包子叉燒/鮮肉','10','85g/顆'),
('3','16','桂冠 活力肉包/筍香包','11','70g/顆'),
('1','19','統一 袋麵調和米粉肉燥/肉燥/特大/鮮蝦/肉骨茶/蔥燒牛肉','17','每袋/份'),
('1','19','喬麥屋 乾拌麵肉燥/炸醬','39','110g/包'),
('3','20','讚岐烏龍麵','23','200g/份'),
('2','21','大漢 家常豆腐','14','300g/盒'),
('2','21','中華 超嫩豆腐','17','300g/盒'),
('2','21','義美 黑豆豆腐','20','290g/盒'),
('1','22','台糖貳號砂糖','36','1kg/包'),
('1','22','鹽事業 家庭食用鹽','115','800g/盒'),
('1','22','全球 澳州天然生機湖鹽','199','550g/罐'),
('1','22','台鹽 特級精鹽','20','1kg/包'),
('1','22','味好美 白胡椒鹽','52','60g/瓶'),
('1','22','味好美 胡椒鹽','52','45g/瓶'),
('3','2','神農獎履歷家 香豬小排骨','200','400g/包'),
('1','22','亨氏 番茄醬','89','567g/瓶'),
('1','22','飛馬 義大利香料','48','15g/瓶'),
('1','3','履歷金三角牛蕃茄','178','6粒/份'),
('2','4','甘藍(高麗菜)','78','約1kg'),
('2','4','結球萵苣','48','約350g/粒'),
('1','24','日正 玉米粉','42','500g/包'),
('1','24','耆盛 玉米粉','39','500g/包'),
('2','25','牧場樂 有鹽奶油','143','227g/條'),
('2','25','牧場樂 無鹽奶油','143','227g/條'),
('2','25','安佳 1P無鹽奶油(超)','185','454g/個'),
('2','25','總統牌 無鹽奶油盒','149','250g/盒'),
('2','25','總統牌 無鹽奶油塊','109','200g/塊'),
('3','2','黑橋牌 培根','99','190g/包'),
('1','22','小磨坊 洋香菜葉','45','9g/瓶'),
('2','4','履歷青蔥','69','150g/包'),
('1','26','萬家香 香菇素蠔油','82','1000ml/瓶'),
('2','4','香菜','59','50g/盒'),
('1','22','小磨坊 蒜香胡椒鹽','60','45g/瓶'),
('2','1','台糖 台糖豬梅花肉片','159','300g/盒'),
('2','4','進口白蘿蔔','65','600g/條'),
('2','4','埔里鮮香菇','115','300g/盒'),
('2','21','台灣大榮 信州味噌','133','500g/盒'),
('2','1','美國骨腿2支-解凍肉','89','520g/盒'),
('2','11','得福 漁翁島嚴選蝦米','149','150g/包'),
('2','4','日本北海道山藥','209','600g/支'),
('1','27','旺來旺 大紅棗','95','300g/包'),
('2','4','彰化天津白菜','145','800g/粒'),
('1','3','台中新社乾香菇','329','80g/盒'),
('1','27','公賣局紅標米酒','50','600ml/瓶');

-- --------------------------------------------------------
--
-- 資料表結構 `MenuFood`
--

CREATE TABLE `MenuFood` (
`menu_food_id` int(11) NOT NULL AUTO_INCREMENT,
`menu_id` int(11) NOT NULL,
`food_id` int(11) NOT NULL, 
`menu_food_amount` varchar(10) NOT NULL, 
PRIMARY KEY (`menu_food_id`),
FOREIGN KEY (menu_id) REFERENCES Menu (menu_id),
FOREIGN KEY (food_id) REFERENCES Food (food_id)
) ENGINE=InnoDB DEFAULT CHARSET=utf8mb4;

--
-- 資料表的匯出資料 `MenuFood`
--

INSERT INTO `MenuFood` (`menu_id`,`food_id`,`menu_food_amount`) VALUES
('1','16','1條'),
('1','15','超市1盒份'),
('1','19','1顆'),
('1','95','3顆'),
('1','20','1顆'),
('1','92','超市1盒份'),
('1','93','3大匙'),
('1','94','少許'),
('1','21','4-5顆'),
('1','96','1/4顆'),
('1','59','1000cc'),
('2','15','1盒'),
('2','105','2片'),
('2','57','100ml'),
('2','98','1中匙'),
('2','20','1/3顆'),
('2','89','適量'),
('2','106','適量'),
('2','103','1小塊'),
('3','95','2顆'),
('3','71','3顆'),
('3','57','20ml'),
('3','107','2支'),
('3','98','1大匙'),
('3','59','1大匙'),
('3','93','2大匙'),
('3','94','少許'),
('4','22','140g'),
('4','4','1盒'),
('4','15','6顆'),
('4','20','1/2顆'),
('4','104','1小塊'),
('4','21','3顆'),
('4','110','少許'),
('4','109','1小把'),
('4','108','1大匙'),
('5','111','1盒'),
('5','20','1/2顆'),
('5','107','1根'),
('5','16','1/2條'),
('5','112','1/3條'),
('5','113','2朶'),
('5','114','少許'),
('6','115','1支'),
('6','119','1/2顆'),
('6','120','4朵'),
('6','117','180g'),
('6','116','1大匙'),
('6','16','1小段'),
('6','118','4顆'),
('6','21','4顆'),
('6','107','3支'),
('6','89','適量'),
('6','121','50cc'),
('6','59','850cc'); 

-- --------------------------------------------------------
--
-- 資料表結構 `CustomerLikeFood`
--

CREATE TABLE `CustomerLikeFood` (
`customer_like_food_id` int(11) NOT NULL AUTO_INCREMENT,
`customer_id` char(20) NOT NULL, 
`food_id` int(11) NOT NULL, 
PRIMARY KEY (`customer_like_food_id`),
FOREIGN KEY (customer_id) REFERENCES Customer (customer_id),
FOREIGN KEY (food_id) REFERENCES Food (food_id)
) ENGINE=InnoDB DEFAULT CHARSET=utf8mb4;

--
-- 資料表的匯出資料 `CustomerLikeFood`
--

INSERT INTO `CustomerLikeFood` (`customer_id`,`food_id`) VALUES
('abc','3'),
('abc','8'),
('super','20'),
('super','35'),
('super','56'),
('market','36'),
('market','64');

-- --------------------------------------------------------
--
-- 資料表結構 `CustomerLikeMenu`
--

CREATE TABLE `CustomerLikeMenu` (
`customer_like_menu_id` int(11) NOT NULL AUTO_INCREMENT,
`customer_id` char(20) NOT NULL, 
`menu_id` int(11) NOT NULL, 
PRIMARY KEY (`customer_like_menu_id`),
FOREIGN KEY (customer_id) REFERENCES Customer (customer_id),
FOREIGN KEY (menu_id) REFERENCES Menu (menu_id)
) ENGINE=InnoDB DEFAULT CHARSET=utf8mb4;

--
-- 資料表的匯出資料 `CustomerLikeMenu`
--

INSERT INTO `CustomerLikeMenu` (`customer_id`,`menu_id`) VALUES
('abc','1'),
('abc','3'),
('super','2'),
('market','1'),
('market','2');

-- --------------------------------------------------------
--
-- 資料表結構 `FoodAllergy`
--

CREATE TABLE `FoodAllergy` (
`food_allergy_id` int(11) NOT NULL  AUTO_INCREMENT,
`food_id` int(11) NOT NULL,
`allergy_id` int(11) NOT NULL ,
PRIMARY KEY (`food_allergy_id`),
FOREIGN KEY (food_id) REFERENCES Food (food_id),
FOREIGN KEY (allergy_id) REFERENCES Allergy (allergy_id)
) ENGINE=InnoDB DEFAULT CHARSET=utf8mb4;

--
-- 資料表的匯出資料 `FoodAllergy`
--

INSERT INTO `FoodAllergy` (`food_id`,`allergy_id`) VALUES
('1','20'),
('2','20'),
('3','20'),
('4','20'),
('5','23'),
('6','23'),
('7','23'),
('8','23'),
('9','21'),
('10','21'),
('11','21'),
('12','38'),
('13','52'),
('14','52'),
('15','52'),
('16','47'),
('17','50'),
('18','9'),
('19','49'),
('20','53'),
('22','43'),
('26','28'),
('29','26'),
('32','28'),
('34','55'),
('35','55'),
('36','55'),
('37','57'),
('38','54'),
('39','56'),
('40','56'),
('42','62'),
('43','71'),
('44','74'),
('45','1'),
('45','73'),
('47','1'),
('47','56'),
('47','73'),
('47','75'),
('48','65'),
('48','73'),
('50','73'),
('65','65'),
('52','1'),
('52','73'),
('52','78'),
('55','45'),
('57','1'),
('58','73'),
('60','63'),
('61','74'),
('63','73'),
('64','4'),
('64','5'),
('64','7'),
('65','7'),
('65','77'),
('66','7'),
('66','77'),
('67','7'),
('67','77'),
('68','7'),
('68','20'),
('68','35'),
('68','77'),
('68','78'),
('69','7'),
('69','20'),
('69','35'),
('69','77'),
('69','78'),
('70','5'),
('70','9'),
('70','20'),
('70','47'),
('70','77'),
('70','82'),
('71','4'),
('71','5'),
('72','4'),
('72','5'),
('73','4'),
('73','5'),
('74','4'),
('74','5'),
('75','4'),
('75','5'),
('76','4'),
('76','4'),
('77','7'),
('77','20'),
('77','52'),
('77','79'),
('77','82'),
('78','7'),
('78','20'),
('79','7'),
('79','20'),
('79','35'),
('79','46'),
('80','7'),
('80','20'),
('80','21'),
('80','26'),
('80','77'),
('81','7'),
('81','20'),
('82','7'),
('83','10'),
('84','10'),
('90','82'),
('92','20'),
('93','51'),
('95','51'),
('96','35'),
('97','36'),
('98','9'),
('99','9'),
('100','98'),
('101','98'),
('102','98'),
('103','98'),
('104','98'),
('105','20');


-- --------------------------------------------------------
--
-- 資料表結構 `FoodCooking`
--

CREATE TABLE `FoodCooking` (
`food_cooking_id` int(11) NOT NULL  AUTO_INCREMENT,
`food_id` int(11) NULL ,
`food_cooking_name` varchar(250) NULL ,
`food_cooking_price` int(5) NULL ,
PRIMARY KEY (`food_cooking_id`),
FOREIGN KEY (food_id) REFERENCES Food (food_id)
) ENGINE=InnoDB DEFAULT CHARSET=utf8mb4;

--
-- 資料表的匯出資料 `FoodCooking`
--

INSERT INTO `FoodCooking` (`food_id`,`food_cooking_name`,`food_cooking_price`) VALUES
('4','薑燒炒肉片','20'),
('5','燻烤','10'),
('12','水煮','5'),
('22','油煎','10'),
('13','油炸','5'),
('18','油炸','5'),
('18','鹽煮','10'),
('74','蒸','5'),
('75','蒸','5');

-- --------------------------------------------------------
--
-- 資料表結構 `SupermarketTitle`
--

CREATE TABLE `SuperMarketTitle` (
`supermarket_title_id` int(11) NOT NULL AUTO_INCREMENT,
`supermarket_title_name` varchar(20) NOT NULL, 
PRIMARY KEY (`supermarket_title_id`)
) ENGINE=InnoDB DEFAULT CHARSET=utf8mb4;

--
-- 資料表的匯出資料 `SupermarketTitle`
--

INSERT INTO `SupermarketTitle` (`supermarket_title_name`) VALUES
('廚師'),
('系統管理員');

-- --------------------------------------------------------
--
-- 資料表結構 `Supermarket`
--

CREATE TABLE `SuperMarket` (
`supermarket_id` char(20) NOT NULL,
`supermarket_name` char(20) NOT NULL, 
`supermarket_password` char(20) NOT NULL, 
`supermarket_title_id` int(11) NOT NULL, 
PRIMARY KEY (`supermarket_id`),
FOREIGN KEY (supermarket_title_id) REFERENCES SupermarketTitle (supermarket_title_id)
) ENGINE=InnoDB DEFAULT CHARSET=utf8mb4;

--
-- 資料表的匯出資料 `Supermarket`
--

INSERT INTO `Supermarket` (`supermarket_id`,`supermarket_name`,`supermarket_password`,`supermarket_title_id`) VALUES
('cook','廚師','cook','1'),
('system','系統管理員','system','2');

-- --------------------------------------------------------
--
-- 資料表結構 `FoodStock`
--

CREATE TABLE `FoodStock` (
`food_stock_id` int(11) NOT NULL AUTO_INCREMENT, 
`food_id` int(11) NOT NULL ,
`food_stock_amount` int(11) Default 20 ,
`food_stock_date` date NOT NULL,   
PRIMARY KEY (`food_stock`)
) ENGINE=InnoDB DEFAULT CHARSET=utf8mb4;

--
-- 資料表的匯出資料 `FoodStock`
--

INSERT INTO `FoodStock` (`food_id`,`food_stock_amount`,`food_stock_date`) VALUES
('1','20','2017-11-01'),
('1','20','2017-11-02'),
('1','20','2017-11-03'),
('2','20','2017-11-01'),
('2','20','2017-11-02'),
('2','20','2017-11-03'),
('3','20','2017-11-01'),
('3','20','2017-11-02'),
('3','20','2017-11-03'),
('4','20','2017-11-01'),
('4','20','2017-11-02'),
('4','20','2017-11-03'),
('5','20','2017-11-01'),
('5','20','2017-11-02'),
('5','20','2017-11-03'),
('6','20','2017-11-01'),
('6','20','2017-11-02'),
('6','20','2017-11-03'),
('7','20','2017-11-01'),
('7','20','2017-11-02'),
('7','20','2017-11-03'),
('8','20','2017-11-01'),
('8','20','2017-11-02'),
('8','20','2017-11-03'),
('9','20','2017-11-01'),
('9','20','2017-11-02'),
('9','20','2017-11-03'),
('10','20','2017-11-01'),
('10','20','2017-11-02'),
('10','20','2017-11-03'),
('11','20','2017-11-01'),
('11','20','2017-11-02'),
('11','20','2017-11-03'),
('12','20','2017-11-01'),
('12','20','2017-11-02'),
('12','20','2017-11-03'),
('13','20','2017-11-01'),
('13','20','2017-11-02'),
('13','20','2017-11-03'),
('14','20','2017-11-01'),
('14','20','2017-11-02'),
('14','20','2017-11-03'),
('15','20','2017-11-01'),
('15','20','2017-11-02'),
('15','20','2017-11-03'),
('16','20','2017-11-01'),
('16','20','2017-11-02'),
('16','20','2017-11-03'),
('17','20','2017-11-01'),
('17','20','2017-11-02'),
('17','20','2017-11-03'),
('18','20','2017-11-01'),
('18','20','2017-11-02'),
('18','20','2017-11-03'),
('19','20','2017-11-01'),
('19','20','2017-11-02'),
('19','20','2017-11-03'),
('20','20','2017-11-01'),
('20','20','2017-11-02'),
('20','20','2017-11-03'),
('21','20','2017-11-01'),
('21','20','2017-11-02'),
('21','20','2017-11-03'),
('22','20','2017-11-01'),
('22','20','2017-11-02'),
('22','20','2017-11-03'),
('23','20','2017-11-01'),
('23','20','2017-11-02'),
('23','20','2017-11-03'),
('24','20','2017-11-01'),
('24','20','2017-11-02'),
('24','20','2017-11-03'),
('25','20','2017-11-01'),
('25','20','2017-11-02'),
('25','20','2017-11-03'),
('26','20','2017-11-01'),
('26','20','2017-11-02'),
('26','20','2017-11-03'),
('27','20','2017-11-01'),
('27','20','2017-11-02'),
('27','20','2017-11-03'),
('28','20','2017-11-01'),
('28','20','2017-11-02'),
('28','20','2017-11-03'),
('29','20','2017-11-01'),
('29','20','2017-11-02'),
('29','20','2017-11-03'),
('30','20','2017-11-01'),
('30','20','2017-11-02'),
('30','20','2017-11-03'),
('31','20','2017-11-01'),
('31','20','2017-11-02'),
('31','20','2017-11-03'),
('32','20','2017-11-01'),
('32','20','2017-11-02'),
('32','20','2017-11-03'),
('33','20','2017-11-01'),
('33','20','2017-11-02'),
('33','20','2017-11-03'),
('34','20','2017-11-01'),
('34','20','2017-11-02'),
('34','20','2017-11-03'),
('35','20','2017-11-01'),
('35','20','2017-11-02'),
('35','20','2017-11-03'),
('36','20','2017-11-01'),
('36','20','2017-11-02'),
('36','20','2017-11-03'),
('37','20','2017-11-01'),
('37','20','2017-11-02'),
('37','20','2017-11-03'),
('38','20','2017-11-01'),
('38','20','2017-11-02'),
('38','20','2017-11-03'),
('39','20','2017-11-01'),
('39','20','2017-11-02'),
('39','20','2017-11-03'),
('40','20','2017-11-01'),
('40','20','2017-11-02'),
('40','20','2017-11-03'),
('41','20','2017-11-01'),
('41','20','2017-11-02'),
('41','20','2017-11-03'),
('42','20','2017-11-01'),
('42','20','2017-11-02'),
('42','20','2017-11-03'),
('43','20','2017-11-01'),
('43','20','2017-11-02'),
('43','20','2017-11-03'),
('44','20','2017-11-01'),
('44','20','2017-11-02'),
('44','20','2017-11-03'),
('45','20','2017-11-01'),
('45','20','2017-11-02'),
('45','20','2017-11-03'),
('46','20','2017-11-01'),
('46','20','2017-11-02'),
('46','20','2017-11-03'),
('47','20','2017-11-01'),
('47','20','2017-11-02'),
('47','20','2017-11-03'),
('48','20','2017-11-01'),
('48','20','2017-11-02'),
('48','20','2017-11-03'),
('49','20','2017-11-01'),
('49','20','2017-11-02'),
('49','20','2017-11-03'),
('50','20','2017-11-01'),
('50','20','2017-11-02'),
('50','20','2017-11-03'),
('51','20','2017-11-01'),
('51','20','2017-11-02'),
('51','20','2017-11-03'),
('52','20','2017-11-01'),
('52','20','2017-11-02'),
('52','20','2017-11-03'),
('53','20','2017-11-01'),
('53','20','2017-11-02'),
('53','20','2017-11-03'),
('54','20','2017-11-01'),
('54','20','2017-11-02'),
('54','20','2017-11-03'),
('55','20','2017-11-01'),
('55','20','2017-11-02'),
('55','20','2017-11-03'),
('56','20','2017-11-01'),
('56','20','2017-11-02'),
('56','20','2017-11-03'),
('57','20','2017-11-01'),
('57','20','2017-11-02'),
('57','20','2017-11-03'),
('58','20','2017-11-01'),
('58','20','2017-11-02'),
('58','20','2017-11-03'),
('59','20','2017-11-01'),
('59','20','2017-11-02'),
('59','20','2017-11-03'),
('60','20','2017-11-01'),
('60','20','2017-11-02'),
('60','20','2017-11-03'),
('61','20','2017-11-01'),
('61','20','2017-11-02'),
('61','20','2017-11-03'),
('62','20','2017-11-01'),
('62','20','2017-11-02'),
('62','20','2017-11-03'),
('63','20','2017-11-01'),
('63','20','2017-11-02'),
('63','20','2017-11-03'),
('64','20','2017-11-01'),
('64','20','2017-11-02'),
('64','20','2017-11-03'),
('65','20','2017-11-01'),
('65','20','2017-11-02'),
('65','20','2017-11-03'),
('66','20','2017-11-01'),
('66','20','2017-11-02'),
('66','20','2017-11-03'),
('67','20','2017-11-01'),
('67','20','2017-11-02'),
('67','20','2017-11-03'),
('68','20','2017-11-01'),
('68','20','2017-11-02'),
('68','20','2017-11-03'),
('69','20','2017-11-01'),
('69','20','2017-11-02'),
('69','20','2017-11-03'),
('70','20','2017-11-01'),
('70','20','2017-11-02'),
('70','20','2017-11-03'),
('71','20','2017-11-01'),
('71','20','2017-11-02'),
('71','20','2017-11-03'),
('72','20','2017-11-01'),
('72','20','2017-11-02'),
('72','20','2017-11-03'),
('73','20','2017-11-01'),
('73','20','2017-11-02'),
('73','20','2017-11-03'),
('74','20','2017-11-01'),
('74','20','2017-11-02'),
('74','20','2017-11-03'),
('75','20','2017-11-01'),
('75','20','2017-11-02'),
('75','20','2017-11-03'),
('76','20','2017-11-01'),
('76','20','2017-11-02'),
('76','20','2017-11-03'),
('77','20','2017-11-01'),
('77','20','2017-11-02'),
('77','20','2017-11-03'),
('78','20','2017-11-01'),
('78','20','2017-11-02'),
('78','20','2017-11-03'),
('79','20','2017-11-01'),
('79','20','2017-11-02'),
('79','20','2017-11-03'),
('80','20','2017-11-01'),
('80','20','2017-11-02'),
('80','20','2017-11-03'),
('81','20','2017-11-01'),
('81','20','2017-11-02'),
('81','20','2017-11-03'),
('82','20','2017-11-01'),
('82','20','2017-11-02'),
('82','20','2017-11-03'),
('83','20','2017-11-01'),
('83','20','2017-11-02'),
('83','20','2017-11-03'),
('84','20','2017-11-01'),
('84','20','2017-11-02'),
('84','20','2017-11-03'),
('85','20','2017-11-01'),
('85','20','2017-11-02'),
('85','20','2017-11-03'),
('86','20','2017-11-01'),
('86','20','2017-11-02'),
('86','20','2017-11-03'),
('87','20','2017-11-01'),
('87','20','2017-11-02'),
('87','20','2017-11-03'),
('88','20','2017-11-01'),
('88','20','2017-11-02'),
('88','20','2017-11-03'),
('89','20','2017-11-01'),
('89','20','2017-11-02'),
('89','20','2017-11-03'),
('90','20','2017-11-01'),
('90','20','2017-11-02'),
('90','20','2017-11-03'),
('91','20','2017-11-01'),
('91','20','2017-11-02'),
('91','20','2017-11-03'),
('92','20','2017-11-01'),
('92','20','2017-11-02'),
('92','20','2017-11-03'),
('93','20','2017-11-01'),
('93','20','2017-11-02'),
('93','20','2017-11-03'),
('94','20','2017-11-01'),
('94','20','2017-11-02'),
('94','20','2017-11-03'),
('95','20','2017-11-01'),
('95','20','2017-11-02'),
('95','20','2017-11-03'),
('96','20','2017-11-01'),
('96','20','2017-11-02'),
('96','20','2017-11-03'),
('97','20','2017-11-01'),
('97','20','2017-11-02'),
('97','20','2017-11-03'),
('98','20','2017-11-01'),
('98','20','2017-11-02'),
('98','20','2017-11-03'),
('99','20','2017-11-01'),
('99','20','2017-11-02'),
('99','20','2017-11-03'),
('100','20','2017-11-01'),
('100','20','2017-11-02'),
('100','20','2017-11-03'),
('101','20','2017-11-01'),
('101','20','2017-11-02'),
('101','20','2017-11-03'),
('102','20','2017-11-01'),
('102','20','2017-11-02'),
('102','20','2017-11-03'),
('103','20','2017-11-01'),
('103','20','2017-11-02'),
('103','20','2017-11-03'),
('104','20','2017-11-01'),
('104','20','2017-11-02'),
('104','20','2017-11-03'),
('105','20','2017-11-01'),
('105','20','2017-11-02'),
('105','20','2017-11-03'),
('106','20','2017-11-01'),
('106','20','2017-11-02'),
('106','20','2017-11-03'),
('107','20','2017-11-01'),
('107','20','2017-11-02'),
('107','20','2017-11-03'),
('108','20','2017-11-01'),
('108','20','2017-11-02'),
('108','20','2017-11-03'),
('109','20','2017-11-01'),
('109','20','2017-11-02'),
('109','20','2017-11-03'),
('110','20','2017-11-01'),
('110','20','2017-11-02'),
('110','20','2017-11-03'),
('111','20','2017-11-01'),
('111','20','2017-11-02'),
('111','20','2017-11-03'),
('112','20','2017-11-01'),
('112','20','2017-11-02'),
('112','20','2017-11-03'),
('113','20','2017-11-01'),
('113','20','2017-11-02'),
('113','20','2017-11-03'),
('114','20','2017-11-01'),
('114','20','2017-11-02'),
('114','20','2017-11-03'),
('115','20','2017-11-01'),
('115','20','2017-11-02'),
('115','20','2017-11-03'),
('116','20','2017-11-01'),
('116','20','2017-11-02'),
('116','20','2017-11-03'),
('117','20','2017-11-01'),
('117','20','2017-11-02'),
('117','20','2017-11-03'),
('118','20','2017-11-01'),
('118','20','2017-11-02'),
('118','20','2017-11-03'),
('119','20','2017-11-01'),
('119','20','2017-11-02'),
('119','20','2017-11-03'),
('120','20','2017-11-01'),
('120','20','2017-11-02'),
('120','20','2017-11-03'),
('121','20','2017-11-01'),
('121','20','2017-11-02'),
('121','20','2017-11-03');

-- --------------------------------------------------------
--
-- 資料表結構 `MenuStock`
--

CREATE TABLE `MenuStock` (
`menu_stock_id` int(11) NOT NULL AUTO_INCREMENT, 
`menu_id` int(11) NOT NULL ,
`menu_stock_amount` int(11) Default 20 ,
`menu_stock_date` date NOT NULL,   
PRIMARY KEY (`menu_stock`),
FOREIGN KEY (menu_id) REFERENCES Menu (menu_id)
) ENGINE=InnoDB DEFAULT CHARSET=utf8mb4;

--
-- 資料表的匯出資料 `MenuStock`
--

INSERT INTO `MenuStock` (`menu_id`,`menu_stock_amount`,`menu_stock_date`) VALUES
('1','20','2017-11-01'),
('1','20','2017-11-02'),
('1','20','2017-11-03'),
('2','20','2017-11-01'),
('2','20','2017-11-02'),
('2','20','2017-11-03'),
('3','20','2017-11-01'),
('3','20','2017-11-02'),
('3','20','2017-11-03'),
('4','20','2017-11-01'),
('4','20','2017-11-02'),
('4','20','2017-11-03'),
('5','20','2017-11-01'),
('5','20','2017-11-02'),
('5','20','2017-11-03'),
('6','20','2017-11-01'),
('6','20','2017-11-02'),
('6','20','2017-11-03');


-- --------------------------------------------------------
--
-- 資料表結構 `CustomerOrder`
--

CREATE TABLE `CustomerOrder` (
`customer_order_id` int(11) NOT NULL AUTO_INCREMENT,
`customer_id` char(20) NOT NULL, 
`customer_order_price` int(20) NOT NULL,
`customer_order_time` datetime NOT NULL DEFAULT CURRENT_TIMESTAMP, 
`customer_order_finish_time` datetime NOT NULL DEFAULT CURRENT_TIMESTAMP,
`customer_order_status_id` int(11) NOT NULL, 
`customer_order_memo` varchar(250) NOT NULL, 
PRIMARY KEY (`customer_order_id`),
FOREIGN KEY (customer_id) REFERENCES Customer (customer_id),
FOREIGN KEY (customer_order_status_id) REFERENCES CustomerOrderStatus (customer_order_status_id)
) ENGINE=InnoDB DEFAULT CHARSET=utf8mb4;

--
-- 資料表的匯出資料 `CustomerOrder`
--

INSERT INTO `CustomerOrder` (`customer_id`,`customer_order_price`,`customer_order_status_id`) VALUES
('abc','100','1'),
('super','40','2');

-- --------------------------------------------------------
--
-- 資料表結構 `CustomerFood`
--

CREATE TABLE `CustomerFood` (
`customer_food` int(11) NOT NULL AUTO_INCREMENT, 
`customer_order_id` int(11) NOT NULL ,
`customer_id` char(20) NOT NULL, 
`cook_or_not` boolean DEFAULT False,
`customer_food_id` int(11) NOT NULL , 
`customer_food_name` varchar(20) NOT NULL, 
`customer_food_price` int(3) NOT NULL, 
`customer_food_cooking` varchar(3) NOT NULL,
`customer_food_amount` int(2) NOT NULL,  
`customer_menu_date` date NOT NULL, 
`customer_food_status_id` int(11) NOT NULL, 
PRIMARY KEY (`customer_food`),
FOREIGN KEY (customer_order_id) REFERENCES CustomerOrder (customer_order_id),
FOREIGN KEY (customer_food_status_id) REFERENCES CustomerFoodStatus (customer_food_status_id),
FOREIGN KEY (customer_id) REFERENCES Customer (customer_id)
) ENGINE=InnoDB DEFAULT CHARSET=utf8mb4;

--
-- 資料表的匯出資料 `CustomerFood`
--

INSERT INTO `CustomerFood` (`customer_order_id`,`customer_id`,`customer_food_id`,`customer_food_name`,`customer_food_price`,`customer_food_cooking`,`customer_food_amount`,`customer_food_status_id`) VALUES
('1','abc','4','豬里肌炒肉片','72','1','2','1'),
('1','abc','13','A級大杏鮑菇','89','5','1','2'),
('1','market','12','青花菜','37','7','1','1');

-- --------------------------------------------------------
--
-- 資料表結構 `CustomerMenu`
--

CREATE TABLE `CustomerMenu` ( 
`customer_menu` int(11) NOT NULL AUTO_INCREMENT, 
`customer_order_id` int(11) NOT NULL,
`customer_id` char(20) NOT NULL, 
`cook_or_not` boolean DEFAULT True,
`customer_menu_id` int(11) NOT NULL, 
`customer_menu_name` varchar(20) NOT NULL, 
`customer_menu_price` int(3) NOT NULL, 
`customer_menu_amount` int(2) NOT NULL,
`customer_menu_date` date NOT NULL,  
`customer_menu_spicy` varchar(8) NOT NULL, 
`customer_menu_salt` varchar(8) NOT NULL, 
`customer_menu_oil` varchar(8) NOT NULL, 
`customer_menu_status_id` int(11) NOT NULL, 
PRIMARY KEY (`customer_menu`),
FOREIGN KEY (customer_order_id) REFERENCES CustomerOrder (customer_order_id),
FOREIGN KEY (customer_menu_status_id) REFERENCES CustomerMenuStatus (customer_menu_status_id),
FOREIGN KEY (customer_id) REFERENCES Customer (customer_id)
) ENGINE=InnoDB DEFAULT CHARSET=utf8mb4;

--
-- 資料表的匯出資料 `CustomerMenu`
--

INSERT INTO `CustomerMenu` (`customer_order_id`,`customer_id`,`customer_menu_id`,`customer_menu_name`,`customer_menu_price`,`customer_menu_amount`,`customer_menu_spicy`,`customer_menu_salt`,`customer_menu_oil`,`customer_menu_status_id`) VALUES
('1','abc','1','羅宋軟排湯','40','1','原味','少鹽','少油','2'),
('1','abc','2','洋蔥奶油培根蘑菇燒','60','2','小辣','原味','普通','1'),
('1','super','3','番茄炒蛋','40','1','原味','原味','少油','2');


